{
  "title":"Primitives fit into the cup, and objects don't",
  "description": "Primitives and references are discussed in lecture 4, which introduces object oriented programming. Figure by the course instructors.",
  "file": "/courses/6-092-introduction-to-programming-in-java-january-iap-2010/fecdf32086554546b8f8e3563528239e_6-092iap10.jpg",
  "learning_resource_types": [],
  "resource_type": "Image",
  "file_type": "image/jpeg",
  "image_metadata": {"caption":"Primitives and references are discussed in lecture 4, which introduces object oriented programming. (Figure by the course instructors.)","credit":"","image-alt":"A set of two images based on a small cup. Primitives fit into the cup, and objects don't."}}
