{
  "title":"Lecture 2: More types, Methods, Conditionals",
  "description": "Lecture presentation on programming in Java. Topics include: types, variables, operators, division, order of operation, methods, parameters, return values, mathematical functions, and conditionals.",
  "file": "/courses/6-092-introduction-to-programming-in-java-january-iap-2010/681c9db795b48f68b58e45210620dae4_MIT6_092IAP10_lec02.pdf",
  "learning_resource_types": ["Lecture Notes"],
  "resource_type": "Document",
  "file_type": "application/pdf"}
