{
  "title":"Lecture 1: Types, Variables, Operators",
  "description": "Lecture presentation on programming in Java. Topics include: the computer, CPU instructions, programming languages, Java, program structure, output, types, variables, and operators.",
  "file": "/courses/6-092-introduction-to-programming-in-java-january-iap-2010/4fb0ecc598d077817cd27eeb30a7882a_MIT6_092IAP10_lec01.pdf",
  "learning_resource_types": ["Lecture Notes"],
  "resource_type": "Document",
  "file_type": "application/pdf"}
