{
  "title":"Assignment 6: Graphics strikes back!",
  "description": "Problem set on programming in Java, separating the functionality of a class into two classes, implementing interfaces, multiple movement patterns, creating interfaces, and reducing duplication.",
  "file": "/courses/6-092-introduction-to-programming-in-java-january-iap-2010/7b8004fed9d871693414e98559ac7b83_MIT6_092IAP10_assn06.pdf",
  "learning_resource_types": ["Assignments"],
  "resource_type": "Document",
  "file_type": "application/pdf"}
