{"091d3a4d-e754-8a04-bde0-f49bfceafde9":"/resources/mit6_092iap10_assn01/data.json","15c81cee-0fc0-5bfb-1137-b87b66aed50b":"/pages/related-resources/data.json","1fa831db-e55b-c662-9ca2-22f820e89135":"/resources/marathon/data.json","2405ab6d-f66c-95de-7bb9-56f9b3329677":"/resources/mit6_092iap10_lec06/data.json","34c78de4-06d2-935f-4b23-c8149111a81a":"/resources/mit6_092iap10_assn02/data.json","4fb0ecc5-98d0-7781-7cd2-7eeb30a7882a":"/resources/mit6_092iap10_lec01/data.json","52a418b4-9fb3-10da-5de7-0c9c3d577590":"/pages/lecture-notes/data.json","5b55c703-cbb7-ada8-d1bd-72e58a1b4fbf":"/resources/mit6_092iap10_lec03/data.json","681c9db7-95b4-8f68-b58e-45210620dae4":"/resources/mit6_092iap10_lec02/data.json","7992e985-5c7c-4566-37ad-ed52810357bd":"/pages/syllabus/data.json","7b8004fe-d9d8-7169-3414-e98559ac7b83":"/resources/mit6_092iap10_assn06/data.json","91c76df1-79f6-1913-c7e0-1f07734299f4":"/resources/simpledraw/data.json","9d3abdda-a082-867e-7d77-161ff79df692":"/resources/mit6_092iap10_assn03/data.json","a1b63d3f-71d6-daa2-39fd-03ac592f2952":"/resources/assn06/data.json","ae507b63-8374-a092-cf86-3e83bde05bad":"/resources/mit6_092iap10_lec05/data.json","b14b7770-c67b-8bb4-9c07-707e3eb1e3e6":"/resources/book/data.json","bd167437-8cee-d6ff-b761-023d47fcc540":"/resources/gravitycalculator/data.json","cbc6b7f3-3feb-3027-cd1f-c022aaad79ce":"/resources/initial/data.json","d1c0bc6b-a628-cce3-0e06-c096426ba5ad":"/resources/mit6_092iap10_assn04/data.json","d24a28e6-2c2d-9864-b4c9-9b44e99cfb30":"/resources/6-092iap10-th/data.json","da412371-938c-f592-b39b-eb1665435029":"/resources/drawgraphics/data.json","e217df88-ea26-9c25-ac33-3c7370286a4e":"/resources/mit6_092iap10_assn07/data.json","e5183070-1e0e-f298-9f97-b7440ae2b996":"/resources/luna/data.json","e95ec6cf-928f-0825-9a01-bda319484655":"/resources/mit6_092iap10_lec04/data.json","ed732d71-ecdc-33c4-3b00-672f8cc05ebc":"/pages/assignments/data.json","f04b8fe3-2c4c-d8c0-cb06-43937e1f6b5d":"/resources/mit6_092iap10_lec07/data.json","f1d531c4-9a48-0a0f-56a2-6ada8a28df77":"/resources/bouncingbox/data.json","f2ebd6ec-c366-1029-db6f-977855667621":"/resources/mit6_092iap10_assn05/data.json","f38aeb9b-d577-b713-4e06-77c6808ec320":"/resources/library/data.json","f48d490c-fc92-ad21-44d4-9a5219073279":"/resources/magicsquares/data.json","f55cc318-f23d-417c-0aa3-39f2d90e08ed":"/resources/mercury/data.json","fecdf320-8655-4546-b8f8-e3563528239e":"/resources/6-092iap10/data.json"}